county,year,violent_crime,murder,rape,robbery,aggravated_assault,property_crime,burglary,larceny_theft,motor_vehicle_theft,arson,frm_30,points_30,frm_15,points_15,median_hh_income,median_hh_inc_moe,poverty_count,poverty_count_moe,poverty_rate,poverty_rate_moe,county_fips,price
Atlantic,2019,0,0,0,0,0,0,0,0,0,0,3.935769230769231,0.5211538461538463,3.3917307692307688,0.475,62678,2822,29057,4251,1.60,11.3,001,196067.42
Bergen,2019,2,0,2,0,0,46,2,44,0,0,3.935769230769231,0.5211538461538463,3.3917307692307688,0.475,107971,3025,52980,7662,0.80,5.7,003,494018.42
Burlington,2019,0,0,0,0,0,0,0,0,0,0,3.935769230769231,0.5211538461538463,3.3917307692307688,0.475,88443,3233,24961,4374,1.00,5.7,005,238593.67
Camden,2019,2,0,0,0,2,44,4,38,2,0,3.935769230769231,0.5211538461538463,3.3917307692307688,0.475,73168,2374,53641,7048,1.40,10.7,007,181980.75
Cape May,2019,0,0,0,0,0,0,0,0,0,0,3.935769230769231,0.5211538461538463,3.3917307692307688,0.475,66565,4753,8853,1981,2.20,9.8,009,389294.58
Cumberland,2019,0,0,0,0,0,1,0,1,0,0,3.935769230769231,0.5211538461538463,3.3917307692307688,0.475,54179,4177,19261,3288,2.40,13.8,011,137622.42
Essex,2019,131,0,9,35,87,135,5,127,3,8,3.935769230769231,0.5211538461538463,3.3917307692307688,0.475,64522,2529,107745,10052,1.30,13.8,013,411933.58
Gloucester,2019,0,0,0,0,0,0,0,0,0,0,3.935769230769231,0.5211538461538463,3.3917307692307688,0.475,87996,4946,21602,3278,1.10,7.5,015,207696.42
Hudson,2019,0,0,0,0,0,0,0,0,0,0,3.935769230769231,0.5211538461538463,3.3917307692307688,0.475,77738,2514,90976,8368,1.30,13.7,017,479035.25
Hunterdon,2019,0,0,0,0,0,0,0,0,0,0,3.935769230769231,0.5211538461538463,3.3917307692307688,0.475,117275,8348,4794,1116,0.90,4.0,019,395401.75
Mercer,2019,2,0,0,0,2,14,1,6,7,0,3.935769230769231,0.5211538461538463,3.3917307692307688,0.475,79475,4872,41600,4602,1.30,11.9,021,254485.17
Middlesex,2019,0,0,0,0,0,0,0,0,0,0,3.935769230769231,0.5211538461538463,3.3917307692307688,0.475,92770,3290,68514,7328,0.90,8.5,023,347639.83
Monmouth,2019,7,0,0,0,7,1,0,1,0,0,3.935769230769231,0.5211538461538463,3.3917307692307688,0.475,102579,2715,37725,5291,0.90,6.2,025,441151.33
Morris,2019,0,0,0,0,0,0,0,0,0,0,3.935769230769231,0.5211538461538463,3.3917307692307688,0.475,116328,4641,25678,3949,0.80,5.3,027,448991.33
Ocean,2019,0,0,0,0,0,8,0,8,0,0,3.935769230769231,0.5211538461538463,3.3917307692307688,0.475,75627,2657,53950,7903,1.30,9.0,029,293645.83
Passaic,2019,0,0,0,0,0,0,0,0,0,0,3.935769230769231,0.5211538461538463,3.3917307692307688,0.475,76039,2039,65342,6566,1.30,13.3,031,355420.92
Salem,2019,0,0,0,0,0,0,0,0,0,0,3.935769230769231,0.5211538461538463,3.3917307692307688,0.475,68146,2768,7000,1346,2.20,11.4,033,136466.17
Somerset,2019,1,0,0,0,1,1,0,1,0,0,3.935769230769231,0.5211538461538463,3.3917307692307688,0.475,112722,6545,17409,3313,1.00,5.4,035,426701.92
Sussex,2019,0,0,0,0,0,0,0,0,0,0,3.935769230769231,0.5211538461538463,3.3917307692307688,0.475,100281,3560,7180,1538,1.10,5.2,037,255785.42
Union,2019,0,0,0,0,0,0,0,0,0,0,3.935769230769231,0.5211538461538463,3.3917307692307688,0.475,79953,3459,50094,6908,1.30,9.1,039,387667.08
Warren,2019,0,0,0,0,0,0,0,0,0,0,3.935769230769231,0.5211538461538463,3.3917307692307688,0.475,83998,3644,7313,1572,1.50,7.1,041,240479.92
Atlantic,2018,0,0,0,0,0,0,0,0,0,0,4.544615384615385,0.4846153846153846,4.000192307692308,0.4499999999999999,60826,1701,33167,4613,1.80,12.8,001,185926.08
Bergen,2018,0,0,0,0,0,0,0,0,0,0,4.544615384615385,0.4846153846153846,4.000192307692308,0.4499999999999999,100181,1606,63403,7302,0.80,6.8,003,491586.42
Burlington,2018,0,0,0,0,0,0,0,0,0,0,4.544615384615385,0.4846153846153846,4.000192307692308,0.4499999999999999,84470,3358,26786,4820,1.10,6.2,005,230662.33
Camden,2018,6,0,0,0,6,37,0,35,2,0,4.544615384615385,0.4846153846153846,4.000192307692308,0.4499999999999999,67135,2636,64417,6210,1.20,12.9,007,175142.5
Cape May,2018,1,0,0,0,1,1,0,1,0,0,4.544615384615385,0.4846153846153846,4.000192307692308,0.4499999999999999,62175,4882,9325,2012,2.20,10.3,009,377710.58
Cumberland,2018,1,0,0,0,1,0,0,0,0,0,4.544615384615385,0.4846153846153846,4.000192307692308,0.4499999999999999,51790,4103,21430,3793,2.70,15.2,011,139535.58
Essex,2018,107,0,4,29,74,111,20,84,7,0,4.544615384615385,0.4846153846153846,4.000192307692308,0.4499999999999999,62875,2940,116246,10063,1.30,14.9,013,394743.33
Gloucester,2018,1,0,0,0,1,1,0,1,0,0,4.544615384615385,0.4846153846153846,4.000192307692308,0.4499999999999999,81315,4282,21869,3527,1.20,7.6,015,204181.75
Hudson,2018,0,0,0,0,0,0,0,0,0,0,4.544615384615385,0.4846153846153846,4.000192307692308,0.4499999999999999,73337,2139,95704,10273,1.50,14.3,017,469338.5
Hunterdon,2018,0,0,0,0,0,0,0,0,0,0,4.544615384615385,0.4846153846153846,4.000192307692308,0.4499999999999999,112335,5735,5317,1007,0.80,4.4,019,390068.17
Mercer,2018,1,0,0,0,1,13,7,4,2,0,4.544615384615385,0.4846153846153846,4.000192307692308,0.4499999999999999,79979,3291,38279,5168,1.50,10.9,021,248015.33
Middlesex,2018,0,0,0,0,0,0,0,0,0,0,4.544615384615385,0.4846153846153846,4.000192307692308,0.4499999999999999,87666,3090,65823,7524,0.90,8.2,023,342557.75
Monmouth,2018,8,0,0,0,8,0,0,0,0,0,4.544615384615385,0.4846153846153846,4.000192307692308,0.4499999999999999,99223,2643,41380,5808,0.90,6.7,025,431517.67
Morris,2018,0,0,0,0,0,0,0,0,0,0,4.544615384615385,0.4846153846153846,4.000192307692308,0.4499999999999999,112396,3607,22980,4092,0.80,4.7,027,448941.75
Ocean,2018,1,0,0,0,1,7,0,7,0,0,4.544615384615385,0.4846153846153846,4.000192307692308,0.4499999999999999,68483,1849,57366,6994,1.20,9.7,029,291129.33
Passaic,2018,0,0,0,0,0,0,0,0,0,0,4.544615384615385,0.4846153846153846,4.000192307692308,0.4499999999999999,71959,3074,67374,7805,1.60,13.6,031,343506.5
Salem,2018,0,0,0,0,0,0,0,0,0,0,4.544615384615385,0.4846153846153846,4.000192307692308,0.4499999999999999,64524,4339,6891,1319,2.10,11.2,033,152697.83
Somerset,2018,0,0,0,0,0,0,0,0,0,0,4.544615384615385,0.4846153846153846,4.000192307692308,0.4499999999999999,119731,5458,16112,3138,1.00,4.9,035,422836.5
Sussex,2018,0,0,0,0,0,0,0,0,0,0,4.544615384615385,0.4846153846153846,4.000192307692308,0.4499999999999999,92284,4315,7233,1405,1.00,5.2,037,243134.67
Union,2018,0,0,0,0,0,0,0,0,0,0,4.544615384615385,0.4846153846153846,4.000192307692308,0.4499999999999999,80737,3457,43279,6953,1.30,7.8,039,378825.5
Warren,2018,0,0,0,0,0,0,0,0,0,0,4.544615384615385,0.4846153846153846,4.000192307692308,0.4499999999999999,77571,4788,7006,1436,1.40,6.7,041,236254.33
Atlantic,2017,1,0,0,0,1,0,0,0,0,0,3.9898076923076924,0.49807692307692303,3.2725000000000013,0.49038461538461536,59309,3483,38092,4143,1.60,14.4,001,176391.25
Bergen,2017,7,0,4,0,3,51,1,48,2,0,3.9898076923076924,0.49807692307692303,3.2725000000000013,0.49038461538461536,93805,2964,62037,7250,0.80,6.6,003,478115.0
Burlington,2017,0,0,0,0,0,0,0,0,0,0,3.9898076923076924,0.49807692307692303,3.2725000000000013,0.49038461538461536,86777,3080,28202,4029,0.90,6.5,005,224566.75
Camden,2017,2,0,0,1,1,21,0,19,2,0,3.9898076923076924,0.49807692307692303,3.2725000000000013,0.49038461538461536,65817,2491,58696,7151,1.40,11.7,007,168415.83
Cape May,2017,0,0,0,0,0,0,0,0,0,0,3.9898076923076924,0.49807692307692303,3.2725000000000013,0.49038461538461536,64450,2988,9486,1742,1.90,10.4,009,359288.42
Cumberland,2017,0,0,0,0,0,1,0,1,0,0,3.9898076923076924,0.49807692307692303,3.2725000000000013,0.49038461538461536,51786,3129,26129,3330,2.30,18.4,011,137949.92
Essex,2017,65,0,0,22,43,58,22,36,0,0,3.9898076923076924,0.49807692307692303,3.2725000000000013,0.49038461538461536,60284,2008,123806,10428,1.30,15.7,013,375687.25
Gloucester,2017,1,0,0,0,1,3,0,3,0,0,3.9898076923076924,0.49807692307692303,3.2725000000000013,0.49038461538461536,84639,4179,19238,3237,1.10,6.7,015,199196.58
Hudson,2017,0,0,0,0,0,0,0,0,0,0,3.9898076923076924,0.49807692307692303,3.2725000000000013,0.49038461538461536,65673,3151,96125,9139,1.30,14.1,017,439802.58
Hunterdon,2017,0,0,0,0,0,0,0,0,0,0,3.9898076923076924,0.49807692307692303,3.2725000000000013,0.49038461538461536,113083,7030,4793,918,0.80,3.9,019,384010.58
Mercer,2017,6,0,0,0,6,19,9,10,0,0,3.9898076923076924,0.49807692307692303,3.2725000000000013,0.49038461538461536,78161,4228,40622,4851,1.40,11.4,021,238138.58
Middlesex,2017,0,0,0,0,0,0,0,0,0,0,3.9898076923076924,0.49807692307692303,3.2725000000000013,0.49038461538461536,85187,1841,69518,6878,0.80,8.5,023,326545.75
Monmouth,2017,4,0,1,0,3,1,0,1,0,0,3.9898076923076924,0.49807692307692303,3.2725000000000013,0.49038461538461536,97627,2987,45085,5406,0.90,7.3,025,410241.58
Morris,2017,0,0,0,0,0,0,0,0,0,0,3.9898076923076924,0.49807692307692303,3.2725000000000013,0.49038461538461536,114269,4580,24225,3780,0.80,4.9,027,436397.25
Ocean,2017,0,0,0,0,0,4,0,4,0,0,3.9898076923076924,0.49807692307692303,3.2725000000000013,0.49038461538461536,70493,2315,60406,6516,1.10,10.2,029,280263.17
Passaic,2017,0,0,0,0,0,0,0,0,0,0,3.9898076923076924,0.49807692307692303,3.2725000000000013,0.49038461538461536,63127,2969,82865,7341,1.50,16.5,031,317023.83
Salem,2017,1,0,0,0,1,0,0,0,0,0,3.9898076923076924,0.49807692307692303,3.2725000000000013,0.49038461538461536,61322,5874,8215,1231,2.00,13.3,033,143383.83
Somerset,2017,1,0,0,0,1,1,0,1,0,0,3.9898076923076924,0.49807692307692303,3.2725000000000013,0.49038461538461536,111838,5072,17396,3118,0.90,5.3,035,410589.08
Sussex,2017,0,0,0,0,0,0,0,0,0,0,3.9898076923076924,0.49807692307692303,3.2725000000000013,0.49038461538461536,89744,4284,7372,1526,1.10,5.3,037,230719.92
Union,2017,0,0,0,0,0,0,0,0,0,0,3.9898076923076924,0.49807692307692303,3.2725000000000013,0.49038461538461536,76830,2421,52052,7398,1.30,9.3,039,359634.33
Warren,2017,0,0,0,0,0,0,0,0,0,0,3.9898076923076924,0.49807692307692303,3.2725000000000013,0.49038461538461536,79633,4199,7770,1528,1.50,7.4,041,227948.67
Atlantic,2016,0,0,0,0,0,0,0,0,0,0,3.6540384615384616,0.5307692307692309,2.9307692307692315,0.49230769230769234,55672,3183,37734,4585,1.70,14.2,001,175862.0
Bergen,2016,8,0,0,0,8,56,3,51,2,2,3.6540384615384616,0.5307692307692309,2.9307692307692315,0.49230769230769234,93205,2652,63789,6215,0.70,6.9,003,464526.17
Burlington,2016,0,0,0,0,0,0,0,0,0,0,3.6540384615384616,0.5307692307692309,2.9307692307692315,0.49230769230769234,80081,2327,27083,4146,1.00,6.2,005,220975.75
Camden,2016,1583,47,88,428,1020,2676,650,1522,504,94,3.6540384615384616,0.5307692307692309,2.9307692307692315,0.49230769230769234,65838,2127,60385,7206,1.40,12.0,007,165169.0
Cape May,2016,0,0,0,0,0,2,0,2,0,0,3.6540384615384616,0.5307692307692309,2.9307692307692315,0.49230769230769234,59181,3828,10964,1949,2.10,11.9,009,354809.5
Cumberland,2016,0,0,0,0,0,1,0,1,0,0,3.6540384615384616,0.5307692307692309,2.9307692307692315,0.49230769230769234,48867,3997,26321,3627,2.50,18.4,011,137387.75
Essex,2016,95,1,0,46,48,79,19,59,1,0,3.6540384615384616,0.5307692307692309,2.9307692307692315,0.49230769230769234,54879,2928,126492,9636,1.20,16.3,013,359407.75
Gloucester,2016,6,0,0,0,6,0,0,0,0,0,3.6540384615384616,0.5307692307692309,2.9307692307692315,0.49230769230769234,79332,3080,22402,3549,1.20,7.8,015,198043.0
Hudson,2016,0,0,0,0,0,0,0,0,0,0,3.6540384615384616,0.5307692307692309,2.9307692307692315,0.49230769230769234,63157,1946,104660,8794,1.30,15.6,017,409631.92
Hunterdon,2016,0,0,0,0,0,0,0,0,0,0,3.6540384615384616,0.5307692307692309,2.9307692307692315,0.49230769230769234,113336,5260,5431,921,0.80,4.5,019,376774.17
Mercer,2016,2,0,0,1,1,8,2,6,0,0,3.6540384615384616,0.5307692307692309,2.9307692307692315,0.49230769230769234,76988,3107,39066,4551,1.30,11.1,021,236224.75
Middlesex,2016,0,0,0,0,0,0,0,0,0,0,3.6540384615384616,0.5307692307692309,2.9307692307692315,0.49230769230769234,82183,2111,69642,6729,0.80,8.6,023,312580.0
Monmouth,2016,2,0,0,0,2,1,0,1,0,0,3.6540384615384616,0.5307692307692309,2.9307692307692315,0.49230769230769234,89968,3263,43866,5529,0.90,7.1,025,397709.25
Morris,2016,0,0,0,0,0,0,0,0,0,0,3.6540384615384616,0.5307692307692309,2.9307692307692315,0.49230769230769234,107019,3433,26615,4134,0.80,5.4,027,426382.17
Ocean,2016,0,0,0,0,0,5,3,2,0,0,3.6540384615384616,0.5307692307692309,2.9307692307692315,0.49230769230769234,62276,1627,64493,7669,1.30,11.0,029,271486.08
Passaic,2016,0,0,0,0,0,0,0,0,0,0,3.6540384615384616,0.5307692307692309,2.9307692307692315,0.49230769230769234,61517,2221,85671,7363,1.50,17.2,031,307548.67
Salem,2016,0,0,0,0,0,0,0,0,0,0,3.6540384615384616,0.5307692307692309,2.9307692307692315,0.49230769230769234,56071,4189,7868,1224,2.00,12.6,033,140317.67
Somerset,2016,0,0,0,0,0,4,0,4,0,0,3.6540384615384616,0.5307692307692309,2.9307692307692315,0.49230769230769234,104668,3739,17318,2858,0.90,5.2,035,404622.17
Sussex,2016,0,0,0,0,0,0,0,0,0,0,3.6540384615384616,0.5307692307692309,2.9307692307692315,0.49230769230769234,87549,4074,8460,1539,1.10,6.0,037,230911.5
Union,2016,0,0,0,0,0,0,0,0,0,0,3.6540384615384616,0.5307692307692309,2.9307692307692315,0.49230769230769234,71801,2384,58425,6643,1.20,10.6,039,339373.58
Warren,2016,0,0,0,0,0,0,0,0,0,0,3.6540384615384616,0.5307692307692309,2.9307692307692315,0.49230769230769234,74834,3983,8708,1459,1.40,8.3,041,224050.08
Atlantic,2015,0,0,0,0,0,0,0,0,0,0,3.8505769230769222,0.6153846153846158,3.0874999999999995,0.5769230769230773,53296,3026,37923,4231,1.60,14.1,001,186052.25
Bergen,2015,7,0,0,0,7,57,3,53,1,0,3.8505769230769222,0.6153846153846158,3.0874999999999995,0.5769230769230773,88512,2875,65906,7290,0.80,7.1,003,452857.75
Burlington,2015,0,0,0,0,0,0,0,0,0,0,3.8505769230769222,0.6153846153846158,3.0874999999999995,0.5769230769230773,74844,2932,33675,4151,0.90,7.7,005,220449.92
Camden,2015,1524,32,75,483,934,2804,675,1791,338,87,3.8505769230769222,0.6153846153846158,3.0874999999999995,0.5769230769230773,63589,3019,65805,7149,1.40,13.1,007,164507.33
Cape May,2015,5,0,0,0,5,0,0,0,0,0,3.8505769230769222,0.6153846153846158,3.0874999999999995,0.5769230769230773,55632,3267,9684,2021,2.20,10.5,009,350412.33
Cumberland,2015,0,0,0,0,0,0,0,0,0,0,3.8505769230769222,0.6153846153846158,3.0874999999999995,0.5769230769230773,50259,2354,24740,3767,2.60,17.2,011,138510.0
Essex,2015,91,0,1,40,50,77,15,61,1,0,3.8505769230769222,0.6153846153846158,3.0874999999999995,0.5769230769230773,52206,1385,131125,8698,1.10,16.8,013,347547.17
Gloucester,2015,2,0,0,0,2,1,0,1,0,0,3.8505769230769222,0.6153846153846158,3.0874999999999995,0.5769230769230773,76780,3193,22086,3821,1.30,7.7,015,198800.08
Hudson,2015,0,0,0,0,0,0,0,0,0,0,3.8505769230769222,0.6153846153846158,3.0874999999999995,0.5769230769230773,60053,1623,117828,9372,1.40,17.7,017,383088.58
Hunterdon,2015,0,0,0,0,0,0,0,0,0,0,3.8505769230769222,0.6153846153846158,3.0874999999999995,0.5769230769230773,102797,3980,6046,1085,0.90,5.0,019,380194.75
Mercer,2015,0,0,0,0,0,1,0,1,0,0,3.8505769230769222,0.6153846153846158,3.0874999999999995,0.5769230769230773,72172,2755,39354,4687,1.30,11.2,021,235480.83
Middlesex,2015,0,0,0,0,0,0,0,0,0,0,3.8505769230769222,0.6153846153846158,3.0874999999999995,0.5769230769230773,78249,3131,69660,8196,1.00,8.5,023,313988.83
Monmouth,2015,3,0,0,0,3,2,1,1,0,0,3.8505769230769222,0.6153846153846158,3.0874999999999995,0.5769230769230773,86722,3242,46641,5557,0.90,7.5,025,392619.58
Morris,2015,0,0,0,0,0,0,0,0,0,0,3.8505769230769222,0.6153846153846158,3.0874999999999995,0.5769230769230773,101754,2732,25917,4814,1.00,5.3,027,427850.08
Ocean,2015,0,0,0,0,0,0,0,0,0,0,3.8505769230769222,0.6153846153846158,3.0874999999999995,0.5769230769230773,63478,1933,63101,7783,1.30,10.9,029,267801.42
Passaic,2015,0,0,0,0,0,0,0,0,0,0,3.8505769230769222,0.6153846153846158,3.0874999999999995,0.5769230769230773,55723,3010,86457,7202,1.40,17.3,031,301986.33
Salem,2015,0,0,0,0,0,0,0,0,0,0,3.8505769230769222,0.6153846153846158,3.0874999999999995,0.5769230769230773,63988,4007,7524,1427,2.30,11.9,033,
Somerset,2015,1,0,0,0,1,1,0,1,0,0,3.8505769230769222,0.6153846153846158,3.0874999999999995,0.5769230769230773,99059,4254,18132,3281,1.00,5.5,035,396717.0
Sussex,2015,0,0,0,0,0,0,0,0,0,0,3.8505769230769222,0.6153846153846158,3.0874999999999995,0.5769230769230773,84431,5085,7958,1617,1.10,5.6,037,233373.92
Union,2015,0,0,0,0,0,0,0,0,0,0,3.8505769230769222,0.6153846153846158,3.0874999999999995,0.5769230769230773,70581,2488,58384,6510,1.20,10.6,039,333713.17
Warren,2015,0,0,0,0,0,0,0,0,0,0,3.8505769230769222,0.6153846153846158,3.0874999999999995,0.5769230769230773,71672,4952,8040,1478,1.40,7.7,041,225512.5
Atlantic,2014,0,0,0,0,0,0,0,0,0,0,4.168867924528302,0.5924528301886793,3.286037735849057,0.5716981132075473,54208,2501,40761,4675,1.70,15.1,001,194470.0
Bergen,2014,0,0,0,0,0,0,0,0,0,0,4.168867924528302,0.5924528301886793,3.286037735849057,0.5716981132075473,84309,2864,70557,7271,0.80,7.6,003,443285.33
Burlington,2014,0,0,0,0,0,0,0,0,0,0,4.168867924528302,0.5924528301886793,3.286037735849057,0.5716981132075473,80479,1801,31331,3849,0.90,7.2,005,219585.92
Camden,2014,1550,33,51,531,935,2845,844,1680,321,84,4.168867924528302,0.5924528301886793,3.286037735849057,0.5716981132075473,61685,2252,65551,6497,1.30,13.0,007,165242.5
Cape May,2014,2,0,0,0,2,1,0,1,0,0,4.168867924528302,0.5924528301886793,3.286037735849057,0.5716981132075473,55409,3123,12080,2043,2.20,13.0,009,349033.25
Cumberland,2014,0,0,0,0,0,0,0,0,0,0,4.168867924528302,0.5924528301886793,3.286037735849057,0.5716981132075473,45438,2359,28287,4073,2.80,19.5,011,140719.25
Essex,2014,115,0,0,54,61,86,17,64,5,0,4.168867924528302,0.5924528301886793,3.286037735849057,0.5716981132075473,54603,1762,130059,9270,1.20,16.7,013,336149.75
Gloucester,2014,0,0,0,0,0,0,0,0,0,0,4.168867924528302,0.5924528301886793,3.286037735849057,0.5716981132075473,78983,2145,23626,3661,1.30,8.2,015,194035.42
Hudson,2014,0,0,0,0,0,0,0,0,0,0,4.168867924528302,0.5924528301886793,3.286037735849057,0.5716981132075473,57720,2168,117129,9481,1.40,17.7,017,364286.92
Hunterdon,2014,0,0,0,0,0,0,0,0,0,0,4.168867924528302,0.5924528301886793,3.286037735849057,0.5716981132075473,103876,5136,5742,1144,0.90,4.7,019,379196.83
Mercer,2014,0,0,0,0,0,0,0,0,0,0,4.168867924528302,0.5924528301886793,3.286037735849057,0.5716981132075473,73750,3162,41715,4208,1.20,11.8,021,232852.92
Middlesex,2014,0,0,0,0,0,0,0,0,0,0,4.168867924528302,0.5924528301886793,3.286037735849057,0.5716981132075473,77330,2533,67331,7436,0.90,8.3,023,307306.67
Monmouth,2014,1,0,0,0,1,1,1,0,0,0,4.168867924528302,0.5924528301886793,3.286037735849057,0.5716981132075473,87220,3758,51001,5501,0.90,8.2,025,388927.42
Morris,2014,0,0,0,0,0,0,0,0,0,0,4.168867924528302,0.5924528301886793,3.286037735849057,0.5716981132075473,100511,2080,24782,3817,0.80,5.0,027,419256.92
Ocean,2014,0,0,0,0,0,0,0,0,0,0,4.168867924528302,0.5924528301886793,3.286037735849057,0.5716981132075473,62937,2376,68832,6331,1.10,11.9,029,268527.92
Passaic,2014,0,0,0,0,0,0,0,0,0,0,4.168867924528302,0.5924528301886793,3.286037735849057,0.5716981132075473,58030,2303,90553,7311,1.50,18.2,031,297582.25
Salem,2014,2,0,0,0,2,0,0,0,0,0,4.168867924528302,0.5924528301886793,3.286037735849057,0.5716981132075473,56645,4801,8307,1399,2.20,13.1,033,
Somerset,2014,0,0,0,0,0,0,0,0,0,0,4.168867924528302,0.5924528301886793,3.286037735849057,0.5716981132075473,100194,2998,16496,3368,1.00,5.0,035,397699.17
Sussex,2014,0,0,0,0,0,0,0,0,0,0,4.168867924528302,0.5924528301886793,3.286037735849057,0.5716981132075473,82048,4293,8875,1641,1.10,6.2,037,233055.08
Union,2014,0,0,0,0,0,0,0,0,0,0,4.168867924528302,0.5924528301886793,3.286037735849057,0.5716981132075473,68172,3025,60679,6684,1.20,11.1,039,330659.83
Warren,2014,0,0,0,0,0,0,0,0,0,0,4.168867924528302,0.5924528301886793,3.286037735849057,0.5716981132075473,71294,3052,8747,1594,1.50,8.3,041,227108.33
Atlantic,2013,0,0,0,0,0,0,0,0,0,0,3.9755769230769222,0.7326923076923079,3.100769230769232,0.7,51668,1949,46281,3953,1.50,17.1,001,191150.75
Bergen,2013,4,0,1,0,3,88,4,83,1,0,3.9755769230769222,0.7326923076923079,3.100769230769232,0.7,81615,1241,73719,7112,0.80,8.1,003,426550.33
Burlington,2013,0,0,0,0,0,0,0,0,0,0,3.9755769230769222,0.7326923076923079,3.100769230769232,0.7,76868,2228,27192,4269,1.00,6.2,005,217803.83
Camden,2013,1950,57,55,732,1106,3260,857,1939,464,84,3.9755769230769222,0.7326923076923079,3.100769230769232,0.7,57641,2826,74058,5891,1.20,14.7,007,163183.58
Cape May,2013,0,0,0,0,0,0,0,0,0,0,3.9755769230769222,0.7326923076923079,3.100769230769232,0.7,56520,3185,10159,1916,2.00,10.8,009,346024.58
Cumberland,2013,0,0,0,0,0,1,0,1,0,0,3.9755769230769222,0.7326923076923079,3.100769230769232,0.7,45850,2421,29231,3709,2.60,20.1,011,146743.33
Essex,2013,16,0,0,9,7,26,8,17,1,0,3.9755769230769222,0.7326923076923079,3.100769230769232,0.7,53358,2224,136161,9209,1.20,17.7,013,318672.17
Gloucester,2013,0,0,0,0,0,0,0,0,0,0,3.9755769230769222,0.7326923076923079,3.100769230769232,0.7,71137,2632,26775,3581,1.30,9.4,015,192531.0
Hudson,2013,0,0,0,0,0,0,0,0,0,0,3.9755769230769222,0.7326923076923079,3.100769230769232,0.7,55699,1652,126653,9611,1.50,19.4,017,338057.0
Hunterdon,2013,0,0,0,0,0,0,0,0,0,0,3.9755769230769222,0.7326923076923079,3.100769230769232,0.7,107203,6317,5068,1091,0.90,4.1,019,360721.42
Mercer,2013,0,0,0,0,0,0,0,0,0,0,3.9755769230769222,0.7326923076923079,3.100769230769232,0.7,70575,1884,41296,5289,1.50,11.8,021,227961.83
Middlesex,2013,0,0,0,0,0,0,0,0,0,0,3.9755769230769222,0.7326923076923079,3.100769230769232,0.7,76515,2075,75437,7189,0.90,9.4,023,292220.33
Monmouth,2013,0,0,0,0,0,0,0,0,0,0,3.9755769230769222,0.7326923076923079,3.100769230769232,0.7,83424,2338,48548,5506,0.90,7.8,025,369553.5
Morris,2013,0,0,0,0,0,0,0,0,0,0,3.9755769230769222,0.7326923076923079,3.100769230769232,0.7,99950,2240,23871,4213,0.90,4.9,027,404922.58
Ocean,2013,0,0,0,0,0,0,0,0,0,0,3.9755769230769222,0.7326923076923079,3.100769230769232,0.7,59888,2084,60439,7755,1.30,10.5,029,252781.42
Passaic,2013,0,0,0,0,0,0,0,0,0,0,3.9755769230769222,0.7326923076923079,3.100769230769232,0.7,57426,2605,82368,7341,1.50,16.6,031,290298.17
Salem,2013,0,0,0,0,0,1,0,1,0,0,3.9755769230769222,0.7326923076923079,3.100769230769232,0.7,58483,4086,9591,1291,2.00,15.0,033,
Somerset,2013,0,0,0,0,0,0,0,0,0,0,3.9755769230769222,0.7326923076923079,3.100769230769232,0.7,96947,3958,18582,3347,1.00,5.7,035,379552.08
Sussex,2013,0,0,0,0,0,0,0,0,0,0,3.9755769230769222,0.7326923076923079,3.100769230769232,0.7,85747,4564,8779,1526,1.10,6.1,037,223396.0
Union,2013,0,0,0,0,0,0,0,0,0,0,3.9755769230769222,0.7326923076923079,3.100769230769232,0.7,64272,2596,61990,6558,1.20,11.5,039,315231.92
Warren,2013,0,0,0,0,0,0,0,0,0,0,3.9755769230769222,0.7326923076923079,3.100769230769232,0.7,68011,4780,9194,1551,1.50,8.7,041,214842.0
Atlantic,2012,0,0,0,0,0,0,0,0,0,0,3.657500000000001,0.7173076923076925,2.9344230769230757,0.684615384615385,50881,1856,38245,4662,1.70,14.2,001,194958.58
Bergen,2012,7,0,1,0,6,122,5,112,5,1,3.657500000000001,0.7173076923076925,2.9344230769230757,0.684615384615385,82001,2853,72647,7178,0.80,8.0,003,412730.67
Burlington,2012,0,0,0,0,0,0,0,0,0,0,3.657500000000001,0.7173076923076925,2.9344230769230757,0.684615384615385,74285,2311,28776,4006,0.90,6.6,005,215685.75
Camden,2012,1,0,0,0,1,2,2,0,0,0,3.657500000000001,0.7173076923076925,2.9344230769230757,0.684615384615385,58572,2330,63861,6125,1.20,12.6,007,165492.0
Cape May,2012,0,0,0,0,0,0,0,0,0,0,3.657500000000001,0.7173076923076925,2.9344230769230757,0.684615384615385,55175,2358,10301,2028,2.20,10.9,009,346823.17
Cumberland,2012,0,0,0,0,0,2,0,2,0,0,3.657500000000001,0.7173076923076925,2.9344230769230757,0.684615384615385,46491,2185,27144,3443,2.40,18.7,011,160467.17
Essex,2012,81,0,4,49,28,84,14,67,3,0,3.657500000000001,0.7173076923076925,2.9344230769230757,0.684615384615385,51019,1437,132434,8245,1.10,17.2,013,315721.75
Gloucester,2012,0,0,0,0,0,0,0,0,0,0,3.657500000000001,0.7173076923076925,2.9344230769230757,0.684615384615385,72248,2781,24404,3215,1.10,8.6,015,191010.25
Hudson,2012,0,0,0,0,0,0,0,0,0,0,3.657500000000001,0.7173076923076925,2.9344230769230757,0.684615384615385,56087,2196,107096,8697,1.40,16.6,017,318479.67
Hunterdon,2012,0,0,0,0,0,0,0,0,0,0,3.657500000000001,0.7173076923076925,2.9344230769230757,0.684615384615385,103301,6134,5664,1101,0.90,4.6,019,354244.42
Mercer,2012,0,0,0,0,0,0,0,0,0,0,3.657500000000001,0.7173076923076925,2.9344230769230757,0.684615384615385,67662,2981,36894,4449,1.30,10.5,021,223372.92
Middlesex,2012,0,0,0,0,0,0,0,0,0,0,3.657500000000001,0.7173076923076925,2.9344230769230757,0.684615384615385,77044,1871,77061,7148,0.90,9.6,023,281452.42
Monmouth,2012,0,0,0,0,0,0,0,0,0,0,3.657500000000001,0.7173076923076925,2.9344230769230757,0.684615384615385,81190,1653,45472,5383,0.90,7.3,025,358180.5
Morris,2012,0,0,0,0,0,0,0,0,0,0,3.657500000000001,0.7173076923076925,2.9344230769230757,0.684615384615385,95236,3488,23017,3680,0.80,4.7,027,394941.0
Passaic,2012,0,0,0,0,0,0,0,0,0,0,3.657500000000001,0.7173076923076925,2.9344230769230757,0.684615384615385,58073,1947,76698,7109,1.40,15.6,031,289847.83
Ocean,2012,0,0,0,0,0,0,0,0,0,0,3.657500000000001,0.7173076923076925,2.9344230769230757,0.684615384615385,59022,2038,62772,6293,1.10,11.0,029,249704.83
Salem,2012,3,0,0,0,3,0,0,0,0,0,3.657500000000001,0.7173076923076925,2.9344230769230757,0.684615384615385,57939,3450,7235,1231,1.90,11.2,033,
Somerset,2012,5,0,0,0,5,0,0,0,0,0,3.657500000000001,0.7173076923076925,2.9344230769230757,0.684615384615385,95574,4170,19644,2842,0.90,6.1,035,372094.17
Sussex,2012,0,0,0,0,0,0,0,0,0,0,3.657500000000001,0.7173076923076925,2.9344230769230757,0.684615384615385,85036,3836,9018,1568,1.10,6.2,037,214701.67
Union,2012,0,0,0,0,0,0,0,0,0,0,3.657500000000001,0.7173076923076925,2.9344230769230757,0.684615384615385,64698,3254,58609,5916,1.10,10.9,039,310472.92
Warren,2012,0,0,0,0,0,0,0,0,0,0,3.657500000000001,0.7173076923076925,2.9344230769230757,0.684615384615385,70560,2985,7285,1441,1.40,6.9,041,213837.58
